,AWS Websites
0,leupold.com
1,wanasatime.com
2,simplesdental.com
3,monetixwallet.com
4,10tv.in
5,rosedalecenter.com
6,margstacobistro.com
7,shanghainavi.com
8,keaweather.net
9,lion.co.nz
10,moomii.jp
11,figleafapp.com
12,maharajamultiplex.in
13,conchovalleyhomepage.com
14,honkmedia.net
15,willowtreeapps.com
16,playvod.ma
17,tigosports.gt
18,araelium.com
19,boostnote.io
20,echofoodshelf.org
21,obonsai.com.br
22,atcost.in
23,profsnhcadmission.in
24,manalonline.com
25,nj211.org
26,conta.no
27,cldmail.co.uk
28,obo.se
29,soft32.es
30,ultimatetek.in
31,juegosmesa.cl
32,localone.app
33,grjapan.jp
34,peachysnaps.com
35,knottyladyyarns.com
36,amormaturo.com
37,hltmag.co.uk
38,oldtownportraitgallery.com
39,matterport.com
40,parkopedia.co.uk
41,rehabs.com
42,diablomedia.com
43,battersea.org.uk
44,qmo.org.au
45,midlandsb.com
46,kuflink.co.uk
47,lunns.com
48,send2sell.com
49,wvi.org
50,letsignite.in
51,kolkt.com
52,lucasmaier.com.br
53,ellevatenetwork.com
54,completefrance.com
55,bellevie-group.com
56,via.id
57,tweentribune.com
58,filesun.net
59,peraichi.com
60,twinstrangers.net
