,Website Domain,IPv4 Address
0,ipos.vn,94.237.76.49
1,sectorul4news.ro,89.42.219.210
2,newprint.ca,37.218.253.61
3,destinationhotels.com,23.100.83.213
4,flutetoday.com,97.74.55.1
5,serialcrush.com,62.149.142.158
6,mybmtc.com,202.71.129.225
7,hmi.edu,192.249.121.112
8,flashkit.com,70.42.23.121
9,fucktubes.xxx,104.28.23.71
10,thetodaypost.com,104.31.66.246
11,avpgalaxy.net,162.211.84.48
12,scwtenor.com,74.208.236.209
13,ecom.ly,104.18.47.2
14,redwolfwildernessadventures.com,67.59.136.110
15,wesounds.com,107.6.153.170
16,bloganten.ru,92.53.114.3
17,karinto.in,175.134.120.229
18,myscopeoutreach.org,182.160.163.245
19,landsurveyor.blogfa.com,149.56.201.253
20,finministry.com,104.18.41.100
21,odeontravel.rs,195.252.107.131
22,greeningtheblue.org,104.27.147.128
23,jerusalemperspective.com,104.199.115.212
24,bazi-oksana.ru,5.101.152.32
25,leupold.com,52.88.153.55
26,cloud9.gg,23.227.38.32
27,goldsgym.com,162.209.117.196
28,tagbox.in,52.172.54.225
29,sexmamki.org,151.80.209.25
30,fehn.de,134.119.244.179
31,zenodo.org,188.184.65.20
32,link-region.ru,82.146.33.69
33,davehalllandscapes.com,166.70.198.121
34,ifoodstory.com,198.49.23.145
35,selk.de,81.169.145.69
36,pythonprogramminglanguage.com,104.18.43.62
37,hopedaleschools.org,208.79.234.100
38,watchground.net,178.33.90.62
39,saba-battery.ir,46.4.22.188
40,iefpedia.com,50.87.248.226
41,ipsia100-my.sharepoint.com,40.108.200.55
42,chiesacroce.altervista.org,46.4.102.233
43,b00kmedia.ru,104.18.46.154
44,dekorhobi.com,77.223.141.107
45,trendreversalpoints.com,107.180.24.239
46,otohiepcuong.com,103.1.237.131
47,lorealparis.com.tr,104.18.165.81
48,enextgroup.ro,138.201.225.106
49,borninarewa.blogspot.com,173.194.192.132
50,catchy.ro,185.142.217.60
51,nic.ae,86.96.226.238
52,wanasatime.com,52.206.234.164
53,hydronorma.ir,136.243.153.61
54,garn.ir,95.216.235.93
55,heljda.co.rs,54.37.173.20
56,faq-logistique.com,193.41.194.97
57,q-suche.com,52.178.105.179
58,dynamicdecksinc.com,37.60.252.206
59,mayfairwecare.com,184.168.221.22
60,freeonlinedegreesciences.blogspot.com,173.194.192.132
61,perfectpostage.com,192.252.146.15
62,ingforpaperspray.com,185.158.112.215
63,allanea.gr,85.25.140.54
64,rytefix.in,162.144.212.212
65,ljomandi.is,178.248.17.7
66,vnhits.com,123.30.129.234
67,lash-book.com,23.227.38.32
68,forexnobrasil.com.br,104.18.55.109
69,otospector.co.id,109.199.126.202
70,remote-control-world.eu,81.95.96.150
71,simplesdental.com,54.232.182.87
72,waldorf.edu,216.52.204.31
73,reportthecall.com,208.113.184.105
74,komos-stroy.ru,188.225.56.124
75,cpc4signal.wordpress.com,192.0.78.13
76,soprasteria.com,84.37.125.233
77,herbalife.co.ve,198.167.248.141
78,gospelgigs.com,174.136.91.146
79,icutlink.com,31.207.35.62
80,recover-keys.com,67.227.206.155
81,rjvision.org,103.21.58.15
82,roller-world.com,104.219.248.7
83,tyrepac.co.th,103.213.204.155
84,yurizanbeltranlove.com,46.101.63.71
85,hotspotservis.rs,82.192.65.9
86,vstarcam.ua,185.68.16.8
87,karmaayurveda.com.au,27.54.88.129
88,blinkcloudservices.com,104.154.137.88
89,pemagazine.fr,37.59.31.13
90,maple3142.github.io,185.199.108.153
91,ntn.ua,62.149.26.232
92,motormagazine.co.jp,150.60.8.88
93,mailasail.com,91.220.24.143
94,fanniherfeyi.loxblog.com,5.144.129.251
95,wahootrailers.myshopify.com,23.227.38.64
96,shehrozpc.com,104.18.44.97
97,monetixwallet.com,18.197.210.94
98,ichess.co.il,144.76.9.166
99,linkztagram.pw,104.27.144.188
100,seabreeze.com,37.60.228.194
101,fardamart.com,85.208.252.79
102,oddfuture.com,23.227.38.32
103,xuanthulab.net,124.158.4.73
104,celebritypage.com,104.18.34.168
105,ngc.co.tt,104.154.220.153
106,schwabjobs.com,162.93.210.63
107,livethetech.com,162.241.217.156
108,jerseystorestyle.com,192.74.231.228
109,myanimesonline.net,104.31.92.57
110,musicadvisor.com,67.202.92.4
111,awealthofcommonsense.com,96.126.109.104
112,velesna.com,109.95.212.8
113,hermesuniversity.com,104.27.184.156
114,10tv.in,35.154.157.210
115,bbwpussytube.com,208.94.234.84
116,maestrotravel.rs,212.129.3.5
117,husindo.com,23.245.18.59
118,z3ddota.com,104.28.26.15
119,judo91.com,213.186.33.18
120,roemische-zahlen.net,46.235.201.26
121,outdoorpolyfurniture.com,172.98.91.71
122,vetlandia.pl,217.74.73.160
123,fluglotse.com,213.165.69.57
124,adisyo.com,13.94.143.57
125,animenetzone.com,104.28.24.6
126,modsfire.com,46.4.207.82
127,comunikalo.com,216.239.36.21
128,orangeowlsolutions.com,94.141.22.22
129,dpsk12.org,164.92.23.64
130,entertainmentbox.com,77.68.20.164
131,worldhealthsummit.org,134.119.96.62
132,rw24.ir,176.9.36.125
133,rosoncoweb.ru,87.242.71.39
134,hotelnewsnow.com,45.60.62.131
135,proinoslogos.gr,188.40.28.137
136,din-formate.de,85.13.141.69
137,news-centr.ru,195.201.42.24
138,haltern-am-see.de,194.31.23.65
139,poled.co.kr,115.68.56.174
140,rosedalecenter.com,54.230.89.243
141,aicheren.com,112.124.35.192
142,kissmanga.xyz,94.242.54.135
143,shegznstuff.com,198.49.23.144
144,serialkeypro.com,104.18.54.107
145,310nutrition.com,23.227.38.32
146,pefsis.edu.pk,103.226.216.186
147,vidy-posudy.ru,87.236.16.187
148,nadozhde.club,216.239.34.21
149,yemenicreators.com,184.168.221.62
150,alanbaonline.com,66.186.19.6
151,actualidad-juridica2012.blogspot.com,173.194.192.132
152,mytv.com.vn,203.162.70.46
153,filmytalent.com,104.18.45.152
154,kidsfirstcommunity.com,104.24.98.234
155,gentside-news.fr,217.70.184.38
156,bordier.com,83.166.138.172
157,atisport.com,185.192.112.222
158,elektroda.pl,23.196.147.221
159,cfnmtoob.com,64.6.103.168
160,kinosmi.ru,195.88.209.232
161,youzibt.cc,104.27.167.247
162,modernewebstranky.sk,95.216.16.177
163,phoneremedies.com,23.227.38.32
164,nzags.co.nz,138.197.211.226
165,wupsi.de,136.243.7.28
166,adorare.ch,176.10.127.104
167,iptvmaster.ru,37.140.192.75
168,elfwreck.tumblr.com,66.6.33.21
169,medi1tv.ma,104.24.113.88
170,ladeliteratura.com.uy,198.27.78.44
171,margstacobistro.com,54.236.189.64
172,eshia.ir,94.232.174.49
173,flirt-hot-sexx.com,5.189.219.29
174,cicloslasalud.com,195.162.19.164
175,russellisland.com.au,103.16.129.223
176,sciencezoneja.wordpress.com,192.0.78.12
177,oglasnik.hr,195.154.207.201
178,online-fox.ru,87.236.19.123
179,trannyparadise.net,5.11.82.196
180,tiffany.com.br,144.121.115.50
181,carolinahistoryandhaunts.com,67.195.197.76
182,super-hobby.ro,94.124.10.26
183,theeohsees.com,64.90.36.137
184,lafranceporno.com,69.163.180.172
185,shanghainavi.com,52.69.102.169
186,melissamgonzalez.com,67.205.163.17
187,mzed.ir,151.101.65.195
188,uploadmp4.com,62.210.78.146
189,concertstudy.net,89.42.223.46
190,shahabanari.com,171.22.26.7
191,fitness-station.cz,195.181.214.155
192,getvideo.pro,104.24.97.251
193,cremallerademontserrat.cat,104.28.1.97
194,clipdiary.com,104.131.2.28
195,vanilla-addons.com,104.27.134.246
196,gss-tue.ddns.net,92.211.230.82
197,q8-online.com,172.104.133.10
198,girotorrent.org,188.165.253.147
199,pharmacy.gov.my,103.245.88.163
200,desenio.de,31.192.226.204
201,cheyenneonqueue.com.au,203.170.81.33
202,haustierliebe.shop,136.243.141.120
203,clinichairtransplantation.com,185.129.168.145
204,potolok.expert,87.236.16.206
205,dovga.net,91.201.40.8
206,arkansased.gov,165.29.23.153
207,coldstone.com.tw,61.57.229.1
208,libertarianstandard.com,64.90.41.109
209,carsmile.pl,54.38.131.2
210,egl.travel,198.49.23.145
211,kyliejennershop.com,23.227.38.32
212,dailynews-express.com,137.74.152.79
213,flashlyrics.com,104.28.0.81
214,gktoday.in,104.25.43.30
215,jatland.com,104.24.109.193
216,dragonflymassages.com,198.46.81.134
217,hitachi.co.in,203.127.105.47
218,mingyixuan.tmall.com,198.11.188.78
219,game1001.net,107.180.50.188
220,blizzgame.ru,104.28.16.186
221,buycloud.id,94.237.72.191
222,bake-eat-repeat.com,67.227.157.135
223,izumikato.com,173.203.204.123
224,fluidstream.it,94.23.64.87
225,tjoos.com,104.27.128.224
226,ciccolombia.travel,199.89.55.185
227,bike-magazin.de,212.8.200.165
228,chatterbate.org,178.32.118.43
229,clickad.xyz,104.149.216.159
230,rouses.com,206.40.245.4
231,ablossominglife.com,104.31.66.11
232,geldersgroenland.nl,128.140.219.229
233,comunidadesindigenasenmovimiento.mx,104.28.8.11
234,meandqi.com,23.100.15.180
235,bodyplan.com.au,202.74.69.143
236,keaweather.net,3.95.122.236
237,hileliapk.club,185.136.207.190
238,consejosyrecomendaciones.com,192.0.78.24
239,citroenselect.lu,217.70.183.238
240,akbilisim.com,104.31.93.41
241,cambria.ac.uk,194.83.8.166
242,ctvsevilla.es,217.160.0.106
243,magazyngitarzysta.pl,51.255.157.201
244,muahangusa24h.com,112.213.89.135
245,delhihousingscheme2019.com,148.72.88.31
246,gog-info.com,50.63.202.32
247,cdsys.co.uk,37.122.211.78
248,rongmotamhon.net,168.63.248.225
249,obertone.ru,62.76.41.130
250,matticklab.com,173.231.198.55
251,reviewchiangmai.com,104.28.29.140
252,0x0800.github.io,185.199.110.153
253,silkroadspices.ca,23.227.38.32
254,dreams-image.com,104.27.133.149
255,dmart.in,103.209.241.70
256,lion.co.nz,13.211.40.97
257,starsontv.com,217.160.0.47
258,moomii.jp,54.230.89.166
259,sloopin.com,216.239.38.21
260,phugiathucphamvmc.com,112.78.2.51
261,indiasmm.com,166.62.27.58
262,easyblogemily.com,104.27.139.70
263,myoleanfitness.com,37.60.240.89
264,mairovergara.com,104.20.68.126
265,inverness-fl.gov,192.196.0.164
266,packlegendario.blogspot.com,173.194.192.132
267,akparti.org.tr,104.20.2.37
268,epicxoption.com,185.224.138.202
269,koffmann.vn,42.112.26.74
270,xhamester.com,184.168.221.104
271,morao-sample.com,104.27.135.181
272,rarehistoricalphotos.com,155.254.25.136
273,infonovostroyki.ru,87.236.16.110
274,bellator.com,216.87.148.114
275,youreduaction.it,89.46.107.240
276,hddled.com,212.224.118.137
277,liuxue315.cn,42.156.141.13
278,nrj.be,5.196.138.5
279,sexynaughtybitchy3.tumblr.com,66.6.33.21
280,nudeteenwhore.com,104.28.14.17
281,rotenberg1929.co.il,104.27.162.41
282,nukadeti.ru,5.101.121.193
283,iso-9001-checklist.co.uk,88.208.245.172
284,vuku.ru,31.31.205.164
285,fullstacklabs.co,104.25.103.7
286,thundafund.com,216.239.32.21
287,figleafapp.com,54.230.89.80
288,spectacles.com,216.239.38.21
289,umenomi3.com,183.90.228.17
290,light.co,104.20.54.171
291,gizmodo.com.au,104.16.177.34
292,kedred.ru,213.166.71.78
293,maharajamultiplex.in,35.154.195.156
294,lib26.ru,91.219.194.19
295,acupofzen.com,50.116.94.86
296,vrbankrheinsieg.de,194.149.250.29
297,akaboo.jp,180.131.140.117
298,recipezazz.com,104.28.18.225
299,ifobel.ir,5.63.13.69
300,iptv.farm,93.125.99.83
301,proins.ru,91.210.104.70
302,conmicelu.com,35.196.149.68
303,historied.com,104.24.125.66
304,conchovalleyhomepage.com,54.209.218.125
305,g3ortega.com,185.199.108.153
306,kenzaa.nl,37.97.203.22
307,topfullcrack.com,104.24.100.186
308,recruitmentsalert.com,209.99.40.223
309,buyitmarketplace.fr,35.224.99.54
310,sisterss.com,204.11.56.37
311,jra-van.jp,210.145.16.70
312,yorn.net,83.174.15.124
313,mp3louder.com,62.210.250.50
314,vadasthermal.sk,37.9.175.17
315,njga.gov.cn,202.102.89.3
316,skylarkvirtualservices.com,185.151.30.139
317,m88th.com,202.61.65.21
318,movies4me.life,35.236.9.200
319,gaypress.eu,104.28.24.15
320,batteryport.com,104.24.125.102
321,buonlinhkien.com,112.213.89.171
322,pesnu.ru,148.251.43.13
323,servicesdirectory.withyoutube.com,108.177.111.141
324,manualidadesybellasartes.com,185.226.232.64
325,lenwichtogo.com,216.55.182.192
326,ewebresource.com,209.50.57.182
327,x-themes.com,94.23.251.73
328,landrepas.free.fr,212.27.63.110
329,theater2home.com,104.27.133.220
330,wbssc.blogspot.com,173.194.192.132
331,xn--u9juknb0f2686b.xn--tckwe,157.112.189.21
332,showsq.tv,104.28.9.229
333,sonsofheroes.com,77.104.175.114
334,thomascheung.com,216.198.247.153
335,librosgratisxd.com,128.127.105.127
336,verstappen.nl,185.27.174.18
337,ccg.com.gt,107.180.2.162
338,honkmedia.net,54.230.89.32
339,filmzade.ir,88.135.39.38
340,yulivethunad.blogspot.com,173.194.192.132
341,thimgren.net,77.111.240.61
342,royalgames.com,185.48.81.137
343,thefuckisback.tumblr.com,66.6.33.21
344,heavenlymanna.net,192.185.5.76
345,desisex.com,35.186.238.101
346,nhandan.com.vn,123.30.154.202
347,tashe-del.blogfa.com,149.56.201.253
348,araratas.lt,79.98.29.26
349,satcoms.org.uk,92.53.241.22
350,mar2i.blogspot.com,173.194.192.132
351,boxkorner.com,173.212.219.101
352,cimso.com,113.11.251.52
353,fast-poll.com,50.116.92.146
354,cauer.com,192.254.225.15
355,barracudashoes.it,95.110.187.105
356,vinted.lt,104.16.2.5
357,cartersantiquearchioligy.com,160.153.129.30
358,raagashree.com,74.84.130.124
359,willowtreeapps.com,52.203.66.95
360,sextoons.org,104.27.183.191
361,3oyoon.com,109.203.103.143
362,playvod.ma,52.30.116.180
363,zapodaj.net,62.210.214.80
364,99centknobs.com,76.12.109.43
365,podosokorskiy.ru,104.27.177.85
366,tapashedit.blogspot.com,173.194.192.132
367,padling.no,104.45.81.79
368,designspiration.net,70.32.76.5
369,bestiascoachinginindia.com,66.85.138.70
370,imaginariofantastico.com,67.217.34.66
371,njreefers.org,192.185.36.110
372,linhkiendoc.com,103.42.58.120
373,sommervillefuneralservices.com,104.27.140.170
374,ishinecloud.sg,101.100.229.83
375,tdm.vn,103.68.83.128
376,hinothailand.com,23.236.62.147
377,lovethebreed.com,23.227.38.32
378,earpods.ro,23.227.38.32
379,diabetes-m.com,143.95.147.23
380,xn--h1aeekjh.xn--p1ai,95.213.223.43
381,tigosports.gt,52.22.185.31
382,tnb.ro,84.232.181.39
383,miglutenfreegal.com,162.241.244.46
384,auamanagment.blogfa.com,149.56.201.253
385,trapfuta.com,104.31.89.224
386,baka-tsuki.org,104.27.188.29
387,paykun.in,104.18.52.68
388,araelium.com,54.164.181.42
389,meetprank.com,23.229.231.70
390,eltubazodigital.com,104.24.117.26
391,butterboycompilations.blogspot.com,173.194.192.132
392,karlovacki.hr,185.103.217.243
393,avoncosmetics.cz,134.65.41.50
394,mp3song.xyz,104.31.78.59
395,my83.com.tw,172.105.192.83
396,netzclub.net,87.79.3.108
397,discountexperts.com,213.152.250.82
398,simulasikredit.com,172.96.191.159
399,newscenter.az,207.180.218.229
400,3lagak.com,104.24.104.87
401,boostnote.io,52.199.150.55
402,outsite.org,77.104.183.227
403,ic4s.org,117.18.5.160
404,magput.ru,194.58.120.56
405,unitarium.com,184.168.156.1
406,da-info.pro,31.28.9.200
407,hackerspace-bremen.de,195.90.0.134
408,sixprizes.com,208.80.6.213
409,steadyapp.com,198.49.23.145
410,kitchenhill.com,23.227.38.32
411,unipampa.edu.br,200.132.148.17
412,presuntovegetariano.com.br,104.24.102.207
413,misionerosdigitales.com,67.227.186.19
414,zbporn.net,104.27.150.28
415,sportsbettingsystemreviews.com,198.54.114.172
416,coryn.club,158.69.200.107
417,courtclerk.org,216.68.49.115
418,paroquiadivino.org.br,186.202.151.114
419,gbiprj.org,103.53.193.229
420,dlifeinteriors.com,216.10.251.67
421,emptyacidicwaste-land.tumblr.com,66.6.33.149
422,pistolaycorazon.com,185.32.188.215
423,blisternews.com,213.125.60.158
424,ebookrich.com,104.28.16.239
425,ousia.it,31.11.33.74
426,kuningannasansa.tumblr.com,66.6.32.21
427,four-loose-screws.tumblr.com,66.6.33.149
428,hcny.com,146.20.48.113
429,darransims.livejournal.com,81.19.74.6
430,kontext.edu.rs,178.32.93.251
431,rojinbartar.com,88.99.211.112
432,forexmarkethours.com,104.28.5.157
433,redfilesmedia.space,104.27.151.18
434,isctac.ac.mz,146.66.66.32
435,dhgeda.com,66.85.161.235
436,sarkariresultblog.com,103.76.228.88
437,vinogradvsem.ru,159.69.68.149
438,romanplus.ir,138.201.200.167
439,quvis.com,67.20.124.169
440,wiiu-hack.blogspot.com,173.194.192.132
441,myprotein.pl,185.217.104.157
442,modelphotonews.com,175.126.232.104
443,reviewcellular.com,198.49.23.144
444,realviewdigital.com,103.9.168.40
445,ifnaa.ir,185.192.112.119
446,astron.kharkov.ua,185.68.16.36
447,pckworld.com,101.55.50.39
448,blogdofernandomesquita.com.br,184.168.165.1
449,bankofsf.com,74.200.56.73
450,echofoodshelf.org,54.164.17.33
451,schoolnutritionandfitness.com,165.227.59.106
452,dewen.net.cn,139.224.34.27
453,bildung-mv.de,193.175.51.119
454,ulawpractice.com,162.255.119.115
455,ausants.net,198.49.23.145
456,obonsai.com.br,54.230.89.138
457,deepolis.com,178.132.240.229
458,magyarkonyhaonline.hu,91.120.235.243
459,umdbbs.com,104.233.234.211
460,cmglunar.com,192.0.78.24
461,indianredcross.org,162.210.70.9
462,discordlisting.me,163.172.108.101
463,bisexolboy.tumblr.com,66.6.33.21
464,gadgetjq.com,37.48.65.155
465,xvideoson.com,51.158.20.110
466,1xbet.ng,62.12.118.100
467,hemenandco.com,104.248.77.54
468,anaheimwhitehouse.com,70.164.1.169
469,cryptoquants.academy,104.24.102.252
470,atcost.in,35.154.96.182
471,charlestoncpw.com,68.208.64.230
472,yuksekbasari.com,46.45.144.242
473,michaelmann.net,104.27.181.75
474,payetteback.com,104.18.55.127
475,sagaftrafcu.org,74.200.39.23
476,vdi.de,194.245.143.90
477,bechtle.com,178.249.85.6
478,myspotcam.com,184.168.131.241
479,bmwaftersales.pl,185.36.168.173
480,manochafamily.com,192.185.138.250
481,acl.co.uk,62.255.13.156
482,profsnhcadmission.in,13.234.179.108
483,cedromoveis.com.br,104.31.80.54
484,pppa.ru,185.179.191.69
485,manalonline.com,54.156.120.120
486,ocinetudela.es,88.26.229.160
487,jio.com,49.40.8.203
488,nj211.org,52.6.46.242
489,miestudiodeingenieria.blogspot.com,173.194.192.132
490,varzeshgilan.ir,5.160.139.86
491,alsafwa-liltanzif.com,64.37.61.34
492,alesyamebel.ru,188.225.8.135
493,outofthesandbox.com,23.227.38.32
494,harmanaudio.com,75.102.11.24
495,yesbank.in,184.85.57.23
496,403bwise.com,205.186.132.62
497,administracionsolisrivera.cr,104.31.93.108
498,conta.no,52.210.234.239
499,cldmail.co.uk,52.215.227.46
500,100komma7.lu,80.92.84.205
501,goldpornsite.com,192.133.137.101
502,rcs.co.za,197.96.131.160
503,reload.academy,87.236.16.39
504,watchthementalistonline.com,104.27.132.195
505,omniya.sy,31.193.78.161
506,arsaman.ru,213.174.157.152
507,htw.pl,188.165.206.157
508,lovelyliciousme.de,85.13.153.234
509,ancol.com,103.92.104.98
510,yarracity.vic.gov.au,40.115.72.84
511,dansnotremaison.com,69.163.214.100
512,oldtusbatur.com,212.175.205.222
513,andamanboatyard.com,162.215.253.110
514,foundtt.com,104.24.112.223
515,obo.se,18.184.142.51
516,nudism-pics.com,64.6.109.46
517,drdaroo.com,164.138.20.121
518,vk4adc.com,112.141.83.178
519,dykeddown.com,67.205.56.169
520,matematicamente.it,78.47.96.124
521,onlyvetmeds.com,148.72.60.171
522,airmag.co.uk,23.236.62.147
523,ordoro.com,35.197.50.215
524,rseventures.com,146.66.99.227
525,pcgs.com,104.16.41.12
526,laviolamobili.it,151.1.254.148
527,buap.mx,148.228.54.18
528,notetec.com.br,104.25.189.9
529,aztorrent.ru,95.213.179.107
530,dreibeinblog.de,89.238.77.100
531,datafactory.la,69.20.90.87
532,futuraonline.com.au,202.130.33.75
533,vuroll.com,103.250.10.33
534,cnphotos.net,61.164.161.124
535,oarranhaodagata.wordpress.com,192.0.78.13
536,aqr.ir,185.23.131.133
537,ddarkstonee.tumblr.com,66.6.33.21
538,instrumtorg.ru,5.188.185.226
539,jobspulla.com,104.27.181.169
540,soft32.es,52.218.96.60
541,mrakopedia.org,104.24.118.244
542,mtcad.sharepoint.com,13.107.136.9
543,nationalthoughts.com,148.72.214.199
544,twhpoetry.org,166.62.113.120
545,cursense.com,23.227.38.32
546,e-promedio.pl,87.98.239.17
547,btdigg.in,173.236.194.74
548,ercdn.net,79.137.24.39
549,agilealliance.org,192.124.249.8
550,grandhouserealestate.com,160.153.95.193
551,lamandaukab.go.id,180.250.242.89
552,tabex.ru,149.154.65.4
553,i-car.com.ua,193.34.169.17
554,koreayellowpage.net,182.252.132.17
555,jav.guru,104.25.143.28
556,ultimatetek.in,52.66.106.59
557,khslearn.ru,185.165.123.206
558,ts4rent.in,104.31.78.204
559,notenoughcinnamon.com,104.25.254.17
560,amctv.la,216.146.46.11
561,star88win.net,104.31.87.168
562,ebookelo.com,104.27.177.242
563,yourniftycoach.com,77.104.138.82
564,cityrevivalagchurch.org,199.79.62.87
565,atilf.fr,194.214.124.224
566,dezisaru.com,202.254.236.124
567,juegosmesa.cl,52.27.50.100
568,socialgrill.co.uk,212.227.247.155
569,ruidosonews.com,209.97.50.225
570,afilmyhit.co,104.27.161.175
571,bosch-home.com.tr,213.183.20.45
572,localone.app,35.163.39.188
573,qingting.fm,118.178.109.17
574,greatgolfevents.com,35.184.141.227
575,zaujimavysvet.sk,104.27.135.53
576,wakko.be,95.170.72.111
577,rvtravel.com,77.104.176.39
578,onefpa.org,192.80.91.233
579,mbalib.com,43.243.130.12
580,internethogares.co,104.31.89.128
581,ab-ilan.com,213.159.0.11
582,memorialeyecenter.com,50.87.177.240
583,grjapan.jp,52.41.204.124
584,harheimer-hof.de,217.160.0.39
585,nasi.org,174.143.58.88
586,floridaocean.org,23.185.0.4
587,samypc.com,216.239.38.21
588,spectrumproperties.co.ug,192.185.72.104
589,estrellaroja.com.mx,200.0.91.43
590,pittsfordfcu.org,209.251.55.11
591,gossipclanka.com,162.144.136.213
592,wallndesign.gr,148.251.195.155
593,casalinghishop.com,109.203.101.207
594,light-doo.com,104.24.101.169
595,peachysnaps.com,54.230.89.80
596,benimekitabim.com,185.242.161.8
597,vasttech.in,184.168.224.227
598,arlingtonhonda.com,23.198.9.40
599,pinoychanneltv.ae,104.28.7.225
600,slist.cc,104.24.119.207
601,blackbirdinteractive.com,104.24.20.12
602,correaencanador.blogspot.com,173.194.192.132
603,whatemailserviceshouldiuse.com,151.101.65.195
604,lavleledive.blogspot.com,173.194.192.132
605,photodoska.ru,151.248.120.211
606,barabrith.co,109.228.43.242
607,tibiaring.com,104.24.122.59
608,yds.org.nz,166.62.26.27
609,formens.pro,212.32.237.136
610,platinumshop.hu,87.229.70.231
611,degiro.ie,84.207.224.24
612,epickr.com,148.72.203.136
613,wg-lj.livejournal.com,81.19.74.6
614,kfaero.ca,13.78.137.239
615,fanafzar.com,75.119.213.63
616,vancouvertenantsunion.ca,96.45.82.241
617,artistengine.net,51.15.205.162
618,effiethejay.tumblr.com,66.6.33.21
619,boardlife.sk,109.74.154.147
620,lauf-fuer-mehr-zeit.com,217.160.0.193
621,knottyladyyarns.com,3.94.231.61
622,distk.fr,213.186.33.151
623,sex-ukraine.net,104.31.83.17
624,collegelist.co.za,129.232.217.2
625,cthulhumod.com,104.31.68.238
626,mooisonenbreugel.nl,65.52.145.34
627,acomputerscientistlearnsaws.blogspot.com,173.194.192.132
628,pmdonaines.pb.gov.br,31.220.48.84
629,nrw-aktuell.tv,216.239.32.21
630,eurogenes.blogspot.com,173.194.192.132
631,lastborninthewilderness.com,198.49.23.145
632,aurora.com.gt,50.116.93.232
633,fitnessnoblessoblige.co.kr,114.203.87.13
634,amormaturo.com,54.230.89.155
635,flatteensmovies.pro,87.117.239.93
636,tokbox.com,72.251.228.27
637,afklcargo.com,104.98.165.224
638,bestcydia.com,66.96.147.106
639,magikpiano.blogspot.com,173.194.192.132
640,hotlesbianlick.com,104.28.29.158
641,smallheathalliance.com,78.137.112.50
642,appcake.net,104.24.96.74
643,e-amazinggrace.com,194.28.85.182
644,hltmag.co.uk,54.194.24.28
645,ing50uf.com,104.24.102.30
646,rospotrebnadzor.ru,62.113.118.5
647,ifsc.edu.br,191.36.0.94
648,memehk.com,202.77.58.18
649,oldtownportraitgallery.com,52.38.141.180
650,materiaal.nl,87.236.103.29
651,gudeg.net,202.65.113.77
652,notjessfashion.com,67.205.20.216
653,matterport.com,54.221.226.236
654,jetonboylston.com,184.154.164.202
655,ngu.ac.in,103.20.104.46
656,fotobaru.com,66.70.176.59
657,isofam.ir,185.10.73.235
658,wanxiangshuzi.com,221.204.14.165
659,cambelbienesraices.com,64.37.62.189
660,tecnoshop.cl,200.73.113.47
661,ifcmarkets.vn,104.27.143.166
662,soulay.com,23.227.38.32
663,beautytipstricks.ml,185.126.219.231
664,pro-windows.net,164.132.77.139
665,kpjhealth.com.my,137.59.109.58
666,derikosv.ru,104.27.145.64
667,tsu.ge,109.205.44.19
668,lepronos-en-or.blogspot.com,173.194.192.132
669,ctftime.org,109.233.56.78
670,fuegodirecto.com,104.25.79.101
671,jessicasmith.fitness,159.203.151.39
672,expert-seo-training-institute.in,148.72.207.208
673,licenciaparahackear.wordpress.com,192.0.78.13
674,thebestsellingauthor.com,192.124.249.2
675,bimoshkel.ir,176.9.11.210
676,buyairsoft.ca,132.148.253.163
677,xuanha.net,192.232.249.185
678,dancersedge.biz,74.208.236.138
679,hotmobile.co.il,80.246.134.81
680,parkopedia.co.uk,52.4.89.119
681,markasbolt.hu,212.108.200.31
682,mylabtw.blogspot.com,173.194.192.132
683,espritcabane.com,93.88.240.172
684,zno.if.ua,185.65.244.241
685,sex-fetish.org,104.31.75.133
686,dailyremediesblog.com,104.28.22.51
687,rocaportal.net,173.236.119.39
688,glow.gr,185.141.195.52
689,books-library.online,104.27.164.109
690,cih.ru,217.112.35.74
691,jonellepatrick.me,192.0.78.24
692,rehabs.com,54.71.61.221
693,leonetiming.com,206.188.192.56
694,videohomesystemconverter.com,23.227.38.32
695,sekshikayesi.biz,145.239.53.139
696,brewhq.com.au,23.227.38.32
697,unily.com,50.31.0.12
698,freebiefindingmom.com,209.151.232.188
699,wholesome-week.tumblr.com,66.6.32.21
700,draggo.com,45.40.137.66
701,coolcatsvintage.com.au,23.227.38.32
702,adnanny.com,62.113.219.57
703,cognitivebehaviortherapycenter.com,66.147.244.85
704,topwishesmessages.com,104.27.178.226
705,viveincreible.com,173.236.234.85
706,transphoto.ru,104.18.53.43
707,cardionics.com,198.185.159.144
708,ldbj.com,121.40.115.14
709,voyageroasis.co.uk,37.188.110.157
710,eatwanderexplore.com,198.185.159.145
711,justnetwork.eu,62.146.73.16
712,sportnolimitravel.com,104.31.68.140
713,mnogodetok.ru,87.118.102.27
714,animemiru.jp,35.192.88.109
715,ibiz.by,178.159.46.14
716,casteloart.hu,194.149.10.163
717,dlinkmea.com,144.76.82.42
718,youmightnotneedjquery.com,192.30.252.153
719,solarmovie.sc,185.53.178.7
720,desphysiotherapycollege.com,74.220.207.123
721,fut.ru,78.155.196.235
722,teckpert.com,104.130.89.5
723,gajekompi.com,104.18.60.36
724,azfizik.blogspot.com,173.194.192.132
725,agarwals.co.in,162.215.240.37
726,fbook.net,101.201.78.206
727,sledujserialy.to,104.24.13.82
728,ncu.edu.cn,210.35.240.3
729,workona.com,151.101.65.195
730,onlineradio.uz,91.196.76.5
731,brendansadventures.com,178.62.32.20
732,diablomedia.com,107.23.2.66
733,codiferes.net,91.121.54.187
734,meinesteinwelt.de,81.169.145.119
735,kidztype.com,170.249.249.215
736,atolieh.com,164.215.133.204
737,sirnak.edu.tr,79.123.133.4
738,alifish.ru,138.201.117.60
739,battersea.org.uk,52.31.60.123
740,iwhc.org,104.31.92.183
741,qmo.org.au,13.55.222.232
742,midlandsb.com,34.204.222.125
743,tarsolyosok.hu,212.92.23.238
744,jazz-jazz.ru,188.127.236.25
745,terrybicycles.com,208.46.212.34
746,kalot.ir,67.195.197.76
747,imgsave.me,104.28.20.26
748,sportm.mk,167.86.97.224
749,divyasardar.com,195.201.175.80
750,annabac.com,193.27.78.121
751,forumoley.com,104.24.121.48
752,bengalinformation.org,1.1.1.1
753,okmall.com,182.162.131.10
754,kuflink.co.uk,52.56.197.177
755,ahimsalibrary.org,182.50.132.39
756,dslenglish.com,148.72.213.120
757,soberpod.com,198.49.23.145
758,chandigarhugcnet.com,104.24.123.35
759,91naim427.blogfa.com,149.56.201.253
760,farmcosmetica.ru,185.93.110.104
761,pactworld.org,67.207.91.134
762,elta.tv,210.65.129.113
763,apprendrealire.net,213.186.33.3
764,parquedelacosta.com.ar,149.56.112.44
765,thakurani.in,139.59.3.188
766,tvojvelik.by,93.125.99.67
767,ibuy.co.za,196.44.36.2
768,vizozon.hu,92.43.203.158
769,kinohit.kz,93.170.169.8
770,play-for.online,185.159.82.82
771,marumaru.se,104.25.122.98
772,portobello.com.br,200.203.183.91
773,pornodom.xyz,178.208.83.36
774,escorts.cm,104.25.147.5
775,acgsou.com,104.31.67.148
776,tealife.com.au,192.64.119.117
777,bakhtar.edu.af,104.31.69.23
778,mosk-vet.ru,92.53.96.27
779,daewoo.com.pk,162.249.5.22
780,nejlepsi-nabytek.cz,37.46.82.104
781,officeapplications.net,37.1.218.206
782,dokandg.com,136.243.59.114
783,voicenation.com,104.154.18.40
784,flynax.com,154.16.115.251
785,smartmontools.org,66.155.4.230
786,trocadeolhares-mjb.blogspot.com,173.194.192.132
787,puzzlemart.ru,178.248.237.63
788,teaediciones.net,82.223.215.35
789,nicoletbank.com,104.20.20.57
790,wonderfulwanderings.com,104.31.76.45
791,puramoringapr.com,94.23.113.102
792,chothuemaylamkem.com,103.101.163.51
793,ting.com,64.98.161.201
794,casadepicturi.ro,78.128.8.132
795,ibuzz.live,199.101.132.247
796,freemalaysiatoday.com,104.18.90.71
797,mdclick.ru,185.112.82.151
798,winterfunland.com,104.28.1.234
799,jonathanargentiero.com,104.27.181.86
800,taiga22.ru,104.28.15.120
801,belm.fr,37.58.199.69
802,asherkingabramson.com,104.28.7.146
803,idalamat.com,104.24.110.5
804,shinjuku-sonata.com,150.95.54.162
805,lunns.com,52.215.94.133
806,virginiaschool.ae,108.161.139.77
807,stss.ru,23.105.241.202
808,springgrove.org,207.250.13.138
809,cashalarts.com,74.208.236.227
810,humansofentrepreneurship.com,204.11.56.48
811,nvsu.edu.ph,119.92.169.201
812,ofw.su,104.27.161.206
813,tmmsociety.net,27.254.140.61
814,tokyoipo.com,113.41.217.135
815,forrestpark.org,199.83.132.211
816,bizocean.jp,210.150.123.50
817,mountaingear.com,104.16.28.62
818,drsex.co.il,62.219.50.44
819,herkuleskeule.de,178.254.30.145
820,hastalikhit.news,95.216.227.47
821,filing.com,35.190.16.47
822,kermanbags.com,136.243.11.246
823,mypacent.com,85.17.208.76
824,youpak.pk,198.54.120.229
825,mamcupy.com,212.109.216.243
826,utp.edu.co,201.131.90.22
827,nanggom88.com,115.84.182.189
828,ladycharm.net,104.28.11.219
829,hryssc.in,43.241.36.176
830,zohositescontent.com,8.39.55.118
831,send2sell.com,54.156.247.221
832,ispe.org,209.194.3.13
833,theclubairportlounges.com,208.92.209.200
834,aquariumlife.com.au,209.59.164.67
835,khandwalagroup.com,162.215.252.78
836,payamagahi.com,185.187.51.17
837,nexus-magazin.de,5.35.255.238
838,docplayer.gr,144.76.167.74
839,hillstv.com,72.52.238.135
840,wvi.org,107.21.104.61
841,a9estudio.com,206.188.192.231
842,hospitalequipmentsupplier.com,35.221.15.194
843,sweetmarias.com,67.201.35.130
844,lesleymakeup.com,192.0.78.25
845,scorebet.co.za,197.242.157.118
846,grbc.net,98.129.229.73
847,znoo.net,185.85.189.190
848,uabonline.org,85.17.208.69
849,rechenkraft.net,116.203.62.4
850,historichowelltheater.com,198.185.159.145
851,tumkurameen.blogspot.com,173.194.192.132
852,ebcmelbourne.org,108.167.180.141
853,wearefieldtrip.com,35.185.234.181
854,mania-exchange.com,149.202.197.228
855,frugalmomguide.com,162.241.218.223
856,blogchiase.vn,171.244.16.98
857,muahangnhanh.live,104.25.107.9
858,thaihabooks.com,112.78.2.110
859,conocermemas.com,188.226.194.196
860,bimmerprofs.com,104.31.86.235
861,dy-duck.com,174.139.25.115
862,freshstuff4u.info,104.18.32.30
863,mysait.ca,142.110.225.45
864,the-national-shop.myshopify.com,23.227.38.64
865,glavvrach.com,104.27.132.131
866,lifeawareness.com.au,198.185.159.145
867,letsignite.in,13.251.171.224
868,consultas-amor.com,178.33.5.208
869,sevenlakesranch.com,104.24.117.93
870,clexchange.org,64.68.200.46
871,zumbafitnesslondon.co.uk,199.34.228.75
872,dasvermoegen.com,193.70.62.16
873,annarborapartments.net,143.95.88.158
874,simplyjobs.com,104.28.4.181
875,kniggasovetov.ru,87.236.19.10
876,microoyun.com,88.99.30.206
877,kolkt.com,52.19.127.113
878,metflix.com,199.59.242.151
879,1amir1.blogfa.com,149.56.201.253
880,mxhost.ro,185.92.192.60
881,varandej.livejournal.com,81.19.74.6
882,allkolor.com,50.63.202.44
883,vuzirossii.ru,195.216.243.23
884,rebobinart.com,217.160.230.37
885,lucasmaier.com.br,54.94.239.74
886,kawaiin.blogspot.com,173.194.192.132
887,spl4cn.com,118.31.158.62
888,micro-macramejewelry.com,162.249.125.78
889,taeuhyng.tumblr.com,66.6.33.21
890,wikifire.ir,46.4.217.75
891,raynab2b.com,212.32.225.70
892,whghotels.cn,117.78.48.130
893,berrakicgiyim.com.tr,185.13.58.207
894,prifinance.com,88.198.81.186
895,esu8.org,205.202.41.28
896,scrubcityuniforms.com,204.209.81.218
897,carecity.hu,88.151.96.8
898,eviraltrends.com,23.227.38.32
899,musiceducation2.org,23.227.38.32
900,nachtleben-os.de,85.13.150.78
901,clevescene.com,209.104.5.156
902,ellevatenetwork.com,34.226.180.131
903,adventuretravel.ru,213.189.197.194
904,soyentrepreneur.com,138.128.182.82
905,koreanindolyrics.blogspot.com,173.194.192.132
906,completefrance.com,52.51.162.200
907,igcall.org,216.52.92.188
908,manorinfant.co.uk,185.35.150.37
909,tweetenapp.com,104.27.140.70
910,indiaretailing.com,119.81.68.111
911,thewalkingcompany.com.au,192.124.249.69
912,avtomechta.com,185.26.122.37
913,moviesherlock.com,104.27.176.237
914,lmradio.co.za,197.242.151.14
915,ezza.ir,5.63.10.163
916,treky.cz,46.28.105.34
917,uwcdilijan.org,207.154.218.239
918,tik.az,5.9.117.84
919,bellevie-group.com,52.69.102.183
920,prazdniksalut.ru,94.130.12.231
921,ben10gamesfree.com,104.27.164.15
922,via.id,52.76.37.9
923,tweentribune.com,54.175.98.165
924,cinemark.com,64.202.67.36
925,omorfia.ru,148.251.138.68
926,selyam.com,78.46.211.45
927,preicfes.net,104.131.140.230
928,urbanbarn.com,40.85.201.224
929,campobelloshoes.com,94.126.168.68
930,gulfcoastkidshouse.org,52.171.196.92
931,regalraptor.com.br,50.116.87.188
932,fanoos.gallery,45.32.153.221
933,oxigen2.net,192.0.78.25
934,isolc.com,208.91.197.27
935,uangindonesia.com,104.27.130.239
936,kinimaallagis.gr,62.138.1.199
937,alpaca.ai,104.31.67.8
938,zooshop.rs,212.200.255.34
939,bramjnet.com,209.99.64.43
940,imageraider.com,185.119.173.98
941,felgi-niemieckie.pl,78.46.121.144
942,maxismatch4sims.tumblr.com,66.6.33.149
943,fujifilm.cz,145.253.158.41
944,rewe.de,35.241.145.163
945,inchunpharm.com,211.115.125.149
946,weightymatters.ca,216.239.34.21
947,icloudnet.in,103.224.182.252
948,almasweb.org,95.216.245.130
949,djwapking.in,5.189.179.7
950,animebattleforce.online,35.231.67.173
951,animez.org,104.28.27.222
952,bobilportalen.no,77.111.240.49
953,hdefporn.com,104.31.67.140
954,maniactive.com,162.210.96.121
955,rpc.com.py,104.236.79.188
956,tastelikepizza.com,94.228.215.97
957,insure4excess.com,13.74.20.163
958,soderberg.uk,198.185.159.144
959,sotoudeh-products.ir,213.239.193.125
960,golotto.de,45.60.99.124
961,caterme.ru,5.188.41.113
962,prefix-telefonic-international.info,95.216.98.115
963,filesun.net,99.84.41.68
964,jadwel.com,104.27.177.56
965,fetish-vanessa.com,217.160.0.93
966,bijnicollegedcs.com,148.66.136.10
967,farmakamenica.sk,37.9.175.7
968,outroassunto.com,192.0.78.25
969,linearrecumbent.com,157.230.64.104
970,jb.com.br,152.199.54.25
971,vietadsonline.com,171.244.34.197
972,itftkd.ir,185.128.81.85
973,rouxroamer.com,104.31.95.99
974,filejo.co.kr,43.255.255.83
975,peraichi.com,54.230.89.244
976,hw3d.net,192.99.14.211
977,nekoshop.ru,37.140.192.198
978,maxbestwork.com,66.199.189.51
979,hindihelpguru.com,199.250.213.223
980,exertion-fitness.com,23.227.38.32
981,aktualnacenabytu.sk,212.57.38.25
982,geoequipos.cl,192.140.57.10
983,removenotifications.com,192.64.119.93
984,matbit.net,5.61.47.250
985,homebasedonlinevehiclemarketing.com,146.66.96.176
986,xn--v8j5erc590uusnxox.com,183.90.253.8
987,nflsport.icu,198.54.121.189
988,izithakazelo.blog,192.0.78.191
989,irinabiz.ru,138.201.199.38
990,intercity.pl,46.174.180.162
991,bongacams3.com,31.192.123.62
992,twinstrangers.net,52.214.239.109
993,textgeneratorfont.com,162.241.133.121
994,silversaints.com,212.188.174.246
995,evassmat.com,104.28.24.228
996,mpets.mobi,136.243.25.36
997,londongateway.com,65.52.130.1
998,derangler.shop,85.236.56.247
999,tavirekini.lv,94.100.11.185
